Title,Original Price,Special Price
Bajaj Almond Drops Moisturizing Soap 5 X 125g,495,188
"Go HookedPlastic Duro Flower Pot for Gardening, Indoor/Outdo...",1699,171
"Tata Coffee Gold, Hazelnut Flavoured Coffee, Special Edition...",375,268
amazon basics 28-Liter Casual Backpack with 2 Compartments |...,2100,319
Pigeon by Stovekraft 3 Litre Special Stainless Steel Inner L...,3390,1642
[Apply coupon] Wonderchef Ruby Sleek 60cm Chimney| Powerful...,22000,8999
[Apply coupon] Elica 60 cm 1100 m3/HR Chimney (Escg BF 60 NE...,17990,8999
Rush Premium 50 Mtr Nutri Wrap Food Wrapping Paper Roll with...,800,179
Blaupunkt Newly Launched SBW100 Pro+ 2.1 CH Soundbar with Wi...,14990,4449
Longway Vesta 5.5 Ltr 5 Star Rated Instant Water Heater for...,5499,2499
"Vector X Blast-7.0 Stud Cricket Shoes, Synthetic Upper, Rubb...",2549,449
"Faber 60 cm,3 way suction ,1095 m3/hr chimney with 3 Jar mix...",27990,7591
Orient electric Areva fan heater|2000W power|2 heating modes...,3590,1299
Maharaja Viva Steller Electric Kettle | 1.5L | 1350W Power |...,1350,649
Nike Girl's 100% Cotton Above The Knee Dress (CK2776-101_Whi...,2495,824
Portronics Adapto 62 2.4A 12W Mach USB Port USB Fast Wall Ch...,399,169
"KARACHI BAKERY KARACHI HALWA,200g",150,85
GANESH Plastic Quadra Tea Coaster Set for Dining Table for H...,156,98
Kwality Pani Puri kit 43 pcs with 2 Different Flavours Sweet...,100,60
Nike Girl's Fitted T-Shirt (CN0836-010_Black L),1195,539
Safari ARC Polyester 55 cms Blue Travel Duffle (ARC55RLBLU),13620,1199
Good Karma 2 Ply Eco-Friendly Unbleached Facial Tissue Box |...,400,98
"PHILIPS Hue Gen 3 Smart Light E27 Color Ambiance 9W Bulb, Bl...",0,220
Aristo Store Queen111 Plastic Storage Container-320 ml (4 PC...,130,84
Attro Helix Plastic Unbreakable Fridge 1000ml Water Bottle f...,300,79
"AMIFIT Premium Hand Grip Strengthener with Foam Handle, Hand...",399,69
Havells Vestio Steam Iron Press 1600 Watts With Anti Drip Se...,2549,1649
Reebok Men Synthetic/Textile Fitness 24/7 M Running Shoes Bl...,3299,1020
[Apply coupon] Amazon Basics 400 mm 2-in-1 BLDC Pedestal Fan...,6699,2799
"Haans AB Roller Wheel for Muscle Training, Tighten Waist and...",1999,335
Wahl 1411.0010 Corded Trimmer (Black),3500,699
"Haans AB Roller Wheel for Muscle Training, Tighten Waist and...",1999,373
Campus Men's Ignite PRO BLU/RED Running Shoes - 6UK/India 22...,1099,459
VW Sonic Bar | 120W Soundbar | 2.1 Channel Home Theatre | 5....,16999,3999
Park Avenue Men Neo Signature Collection | Deodorant Spray |...,500,199
Campus Men's Brazil PRO Full BLK/Golden Training/Gym Shoes -...,1599,611
Happer Plastic Premium Multipurpose Wall Mounted Storage Cab...,2086,999
crocs Unisex Adult Classic Spray Dye Flip WHI/MLTI White Sli...,2295,1052
Puma Mens Foam Stride Navy-Fizzy Lime-White Running Shoe - 9...,4499,1349
Campus Men's Callisto BLU/F.GRN Walking Shoes - 8UK/India 22...,2199,780
new balance Drift Men Running Sport Shoe Light Aluminum/Lead...,4999,1444
DERMATOUCH Salicylic Acid 2% Face Wash | For Acne & Oil Cont...,299,168
"FCUK New Tide Smart Watch|1.39"" Round Display| 360x360 High...",7999,799
"Halonix 2-in-1 Dimmable 9W,0.5W Multi Wattage Adjustable Lig...",399,169
Status Contract Bath Towels |(120 X 60 Cm) Coral Fleece Quic...,1499,211
"UV-Squad De-tan Clay Mask with Niacinamide, 100 gm",549,99
Bata Comfit Women's Crystal Thong Red Sandal-4 Kids UK (5715...,1299,447
WONDERCUT Wc-Ed13-R Impact Drill Machine Reversible Hammer D...,4099,1085
"Vim Shudhham Gel for Copper, Brass, Silver, 250ml (Pack of 2...",300,60
"GM Excel35 Ceiling Fan White 1200 MM 380 RPM, 5 Star Rated,...",4700,2454
Morphy Richards Kingsman Elite | 3-in-1 Multipurpose Trimmer...,1999,999
More Light Extra Power Liquid Detergent 5 Litre Pouch with E...,525,329
Adidas Womens Speedmotion Legink/NGTMET/BLUDAW Sneaker - 4 U...,8999,2249
Rejusure Hyaluronic Acid Facial Serum – Advance Anti – Aging...,600,99
Reebok Mens Stridium 2.0 Shoes Grey,5599,1280
Blaupunkt BH31 Bluetooth Wireless Over Ear Headphones I 40MM...,2999,1349
Amrit Unrefined Double Filtered Cold Pressed Sesame Oil (2L)...,1398,625
Acer Lite Extra Soft Padded Backpack Panel with Airmesh (16...,1999,799
Bikano Chana Almond Bite 350gram Sweets Mithai,499,149
"Under Armour UA W TRIBASE Reign 4 Women's Training Shoes, Bl...",12499,3430
BSB HOME Super Soft Cloudy Printed Double Bed Blanket for He...,3999,1299
Woodland Men's Khaki Leather Sneaker-10 UK (44 EU) (G 40777C...,3895,1752
Skechers Mens Equalizer 4.0 - Generation Black Sneaker - 7 U...,5499,2046
